{
  "project_info": {
    "project_number": "669031912145",
    "project_id": "database-pocketplanet",
    "storage_bucket": "database-pocketplanet.firebasestorage.app"
  },
  "client": [
    {
      "client_info": {
        "mobilesdk_app_id": "1:669031912145:android:f25df746782e5ba053ebf0",
        "android_client_info": {
          "package_name": "edu.unicauca.example.pocketplanet"
        }
      },
      "oauth_client": [],
      "api_key": [
        {
          "current_key": "AIzaSyDwk432K5w-1DTtHA17habL4qJ3dkExDjo"
        }
      ],
      "services": {
        "appinvite_service": {
          "other_platform_oauth_client": []
        }
      }
    }
  ],
  "configuration_version": "1"
}